timestamp	x	y	theta_rad	theta_deg	map_id	map_description
2026-01-28 10:15:49	46.769	23.533	3.139428	179.876	XX	default
2026-01-28 10:15:50	46.769	23.533	3.139428	179.876	XX	default
2026-01-28 10:15:51	46.769	23.533	3.139428	179.876	XX	default
2026-01-28 10:15:52	46.031	23.534	3.139865	179.901	XX	default
2026-01-28 10:15:53	46.031	23.534	3.139865	179.901	XX	default
2026-01-28 10:15:54	46.031	23.534	3.139865	179.901	XX	default
2026-01-28 10:15:55	46.038	23.534	3.139778	179.896	XX	default
2026-01-28 10:15:56	46.092	23.534	3.139254	179.866	XX	default
2026-01-28 10:15:57	46.092	23.534	3.139254	179.866	XX	default
2026-01-28 10:15:58	46.092	23.534	3.139254	179.866	XX	default
2026-01-28 10:15:59	46.964	23.532	3.139586	179.885	XX	default
2026-01-28 10:16:00	46.964	23.532	3.139586	179.885	XX	default
2026-01-28 10:16:01	46.964	23.532	3.139586	179.885	XX	default
2026-01-28 10:16:02	47.870	23.530	3.140772	179.953	XX	default
2026-01-28 10:16:03	47.870	23.530	3.140772	179.953	XX	default
2026-01-28 10:16:04	47.870	23.530	3.140772	179.953	XX	default
2026-01-28 10:16:05	48.781	23.529	3.140772	179.953	XX	default
2026-01-28 10:16:06	48.781	23.529	3.140772	179.953	XX	default
2026-01-28 10:16:07	48.781	23.529	3.140772	179.953	XX	default
2026-01-28 10:16:08	49.701	23.533	3.138067	179.798	XX	default
2026-01-28 10:16:09	49.701	23.533	3.138067	179.798	XX	default
2026-01-28 10:16:10	50.036	23.533	3.135938	179.676	XX	default
2026-01-28 10:16:11	50.036	23.533	3.135938	179.676	XX	default
2026-01-28 10:16:12	50.036	23.533	3.135938	179.676	XX	default
2026-01-28 10:16:13	50.036	23.533	3.135938	179.676	XX	default
2026-01-28 10:16:14	49.975	23.533	3.136234	179.693	XX	default
2026-01-28 10:16:15	49.975	23.533	3.136234	179.693	XX	default
2026-01-28 10:16:16	49.975	23.533	3.136234	179.693	XX	default
2026-01-28 10:16:18	48.852	23.539	3.135851	179.671	XX	default
2026-01-28 10:16:19	48.852	23.539	3.135851	179.671	XX	default
2026-01-28 10:16:20	48.852	23.539	3.135851	179.671	XX	default
2026-01-28 10:16:21	47.632	23.541	3.133180	179.518	XX	default
2026-01-28 10:16:22	47.632	23.541	3.133180	179.518	XX	default
2026-01-28 10:16:23	47.632	23.541	3.133180	179.518	XX	default
2026-01-28 10:16:24	46.405	23.548	3.132918	179.503	XX	default
2026-01-28 10:16:25	46.405	23.548	3.132918	179.503	XX	default
2026-01-28 10:16:26	46.032	23.552	3.133215	179.520	XX	default
2026-01-28 10:16:27	46.032	23.552	3.133215	179.520	XX	default
2026-01-28 10:16:28	46.032	23.552	3.133215	179.520	XX	default
2026-01-28 10:16:29	46.032	23.552	3.133215	179.520	XX	default
2026-01-28 10:16:30	46.032	23.552	3.133215	179.520	XX	default
2026-01-28 10:16:31	46.096	23.552	3.132465	179.477	XX	default
2026-01-28 10:16:32	46.096	23.552	3.132465	179.477	XX	default
2026-01-28 10:16:33	46.096	23.552	3.132465	179.477	XX	default
2026-01-28 10:16:34	46.096	23.552	3.132465	179.477	XX	default
2026-01-28 10:16:35	46.969	23.544	3.133058	179.511	XX	default
2026-01-28 10:16:36	46.969	23.544	3.133058	179.511	XX	default
2026-01-28 10:16:37	47.881	23.536	3.133616	179.543	XX	default
2026-01-28 10:16:38	47.881	23.536	3.133616	179.543	XX	default
2026-01-28 10:16:39	47.881	23.536	3.133616	179.543	XX	default
2026-01-28 10:16:40	47.881	23.536	3.133616	179.543	XX	default
2026-01-28 10:16:41	48.795	23.529	3.133529	179.538	XX	default
2026-01-28 10:16:42	48.795	23.529	3.133529	179.538	XX	default
2026-01-28 10:16:43	48.795	23.529	3.133529	179.538	XX	default
2026-01-28 10:16:44	49.708	23.527	3.130196	179.347	XX	default
2026-01-28 10:16:45	49.708	23.527	3.130196	179.347	XX	default
2026-01-28 10:16:46	50.036	23.525	3.127857	179.213	XX	default
2026-01-28 10:16:47	50.036	23.525	3.127857	179.213	XX	default
2026-01-28 10:16:48	50.036	23.525	3.127857	179.213	XX	default
2026-01-28 10:16:49	50.036	23.525	3.127857	179.213	XX	default
2026-01-28 10:16:50	50.036	23.525	3.127857	179.213	XX	default
2026-01-28 10:16:51	50.031	23.525	3.127857	179.213	XX	default
2026-01-28 10:16:52	49.981	23.525	3.127979	179.220	XX	default
2026-01-28 10:16:53	49.981	23.525	3.127979	179.220	XX	default
2026-01-28 10:16:54	49.981	23.525	3.127979	179.220	XX	default
2026-01-28 10:16:55	48.866	23.540	3.127438	179.189	XX	default
2026-01-28 10:16:56	48.866	23.540	3.127438	179.189	XX	default
2026-01-28 10:16:57	48.866	23.540	3.127438	179.189	XX	default
2026-01-28 10:16:58	47.646	23.553	3.125920	179.102	XX	default
2026-01-28 10:16:59	47.646	23.553	3.125920	179.102	XX	default
2026-01-28 10:17:00	47.646	23.553	3.125920	179.102	XX	default
2026-01-28 10:17:01	46.426	23.570	3.125326	179.068	XX	default
2026-01-28 10:17:02	46.426	23.570	3.125326	179.068	XX	default
2026-01-28 10:17:03	46.030	23.579	3.125920	179.102	XX	default
2026-01-28 10:17:04	46.030	23.579	3.125920	179.102	XX	default
2026-01-28 10:17:05	46.086	23.578	3.125221	179.062	XX	default
2026-01-28 10:17:06	46.086	23.578	3.125221	179.062	XX	default
2026-01-28 10:17:07	46.086	23.578	3.125221	179.062	XX	default
2026-01-28 10:17:08	46.956	23.564	3.125937	179.103	XX	default
2026-01-28 10:17:09	46.956	23.564	3.125937	179.103	XX	default
2026-01-28 10:17:10	46.956	23.564	3.125937	179.103	XX	default
2026-01-28 10:17:11	47.864	23.549	3.127386	179.186	XX	default
2026-01-28 10:17:12	47.864	23.549	3.127386	179.186	XX	default
2026-01-28 10:17:13	47.864	23.549	3.127386	179.186	XX	default
2026-01-28 10:17:14	48.778	23.536	3.125885	179.100	XX	default
2026-01-28 10:17:15	48.778	23.536	3.125885	179.100	XX	default
2026-01-28 10:17:16	48.778	23.536	3.125885	179.100	XX	default
2026-01-28 10:17:17	49.692	23.527	3.123284	178.951	XX	default
2026-01-28 10:17:18	49.692	23.527	3.123284	178.951	XX	default
2026-01-28 10:17:19	50.034	23.523	3.121748	178.863	XX	default
2026-01-28 10:17:20	50.034	23.523	3.121748	178.863	XX	default
2026-01-28 10:17:21	50.034	23.523	3.121748	178.863	XX	default
2026-01-28 10:17:22	50.034	23.523	3.121748	178.863	XX	default
2026-01-28 10:17:23	50.034	23.523	3.121748	178.863	XX	default
2026-01-28 10:17:24	50.034	23.523	3.121748	178.863	XX	default
2026-01-28 10:17:25	50.034	23.523	3.121748	178.863	XX	default
2026-01-28 10:17:26	50.024	23.523	3.121731	178.862	XX	default
2026-01-28 10:17:27	49.968	23.524	3.121783	178.865	XX	default
2026-01-28 10:17:28	49.968	23.524	3.121783	178.865	XX	default
2026-01-28 10:17:29	48.837	23.545	3.122185	178.888	XX	default
2026-01-28 10:17:30	48.837	23.545	3.122185	178.888	XX	default
2026-01-28 10:17:31	48.837	23.545	3.122185	178.888	XX	default
2026-01-28 10:17:32	47.617	23.566	3.119444	178.731	XX	default
2026-01-28 10:17:33	47.617	23.566	3.119444	178.731	XX	default
2026-01-28 10:17:34	47.617	23.566	3.119444	178.731	XX	default
2026-01-28 10:17:35	47.617	23.566	3.119444	178.731	XX	default
2026-01-28 10:17:36	46.399	23.590	3.118031	178.650	XX	default
2026-01-28 10:17:37	46.399	23.590	3.118031	178.650	XX	default
2026-01-28 10:17:38	46.029	23.601	3.118031	178.650	XX	default
2026-01-28 10:17:39	46.029	23.601	3.118031	178.650	XX	default
2026-01-28 10:17:40	46.035	23.601	3.117943	178.645	XX	default
2026-01-28 10:17:41	46.086	23.599	3.117350	178.611	XX	default
2026-01-28 10:17:42	46.086	23.599	3.117350	178.611	XX	default
2026-01-28 10:17:43	46.086	23.599	3.117350	178.611	XX	default
2026-01-28 10:17:44	46.954	23.579	3.117664	178.629	XX	default
2026-01-28 10:17:45	46.954	23.579	3.117664	178.629	XX	default
2026-01-28 10:17:46	46.954	23.579	3.117664	178.629	XX	default
2026-01-28 10:17:47	47.861	23.555	3.120125	178.770	XX	default
2026-01-28 10:17:48	47.861	23.555	3.120125	178.770	XX	default
2026-01-28 10:17:49	47.861	23.555	3.120125	178.770	XX	default
2026-01-28 10:17:50	48.769	23.536	3.118502	178.677	XX	default
2026-01-28 10:17:51	48.769	23.536	3.118502	178.677	XX	default
2026-01-28 10:17:52	48.769	23.536	3.118502	178.677	XX	default
2026-01-28 10:17:53	49.689	23.519	3.115378	178.498	XX	default
2026-01-28 10:17:54	49.689	23.519	3.115378	178.498	XX	default
2026-01-28 10:17:55	50.033	23.511	3.113667	178.400	XX	default
2026-01-28 10:17:56	50.033	23.511	3.113667	178.400	XX	default
2026-01-28 10:21:05	50.033	23.511	3.113667	178.400	XX	default
2026-01-28 10:21:06	50.033	23.511	3.113667	178.400	XX	default
2026-01-28 10:21:07	50.025	23.511	3.113667	178.400	XX	default
2026-01-28 10:21:08	49.970	23.513	3.113615	178.397	XX	default
2026-01-28 10:21:09	49.970	23.513	3.113615	178.397	XX	default
2026-01-28 10:21:10	49.970	23.513	3.113615	178.397	XX	default
2026-01-28 10:21:11	48.840	23.544	3.114523	178.449	XX	default
2026-01-28 10:21:12	48.840	23.544	3.114523	178.449	XX	default
2026-01-28 10:21:13	48.840	23.544	3.114523	178.449	XX	default
2026-01-28 10:21:14	47.621	23.573	3.111608	178.282	XX	default
2026-01-28 10:21:15	47.621	23.573	3.111608	178.282	XX	default
2026-01-28 10:21:16	47.621	23.573	3.111608	178.282	XX	default
2026-01-28 10:21:17	46.401	23.606	3.109967	178.188	XX	default
2026-01-28 10:21:18	46.401	23.606	3.109967	178.188	XX	default
2026-01-28 10:21:19	46.028	23.619	3.111032	178.249	XX	default
2026-01-28 10:21:20	46.028	23.619	3.111032	178.249	XX	default
2026-01-28 10:21:21	46.091	23.617	3.110561	178.222	XX	default
2026-01-28 10:21:22	46.091	23.617	3.110561	178.222	XX	default
2026-01-28 10:21:23	46.091	23.617	3.110561	178.222	XX	default
2026-01-28 10:21:24	46.961	23.590	3.110648	178.227	XX	default
2026-01-28 10:21:25	46.961	23.590	3.110648	178.227	XX	default
2026-01-28 10:21:26	46.961	23.590	3.110648	178.227	XX	default
2026-01-28 10:21:27	47.874	23.560	3.112515	178.334	XX	default
2026-01-28 10:21:28	47.874	23.560	3.112515	178.334	XX	default
2026-01-28 10:21:29	47.874	23.560	3.112515	178.334	XX	default
2026-01-28 10:21:30	48.787	23.534	3.111276	178.263	XX	default
2026-01-28 10:21:31	48.787	23.534	3.111276	178.263	XX	default
2026-01-28 10:21:32	48.787	23.534	3.111276	178.263	XX	default
2026-01-28 10:21:33	49.697	23.510	3.109234	178.146	XX	default
2026-01-28 10:21:34	49.697	23.510	3.109234	178.146	XX	default
2026-01-28 10:21:35	50.031	23.502	3.107122	178.025	XX	default
2026-01-28 10:21:36	50.031	23.502	3.107122	178.025	XX	default
2026-01-28 10:21:37	50.031	23.502	3.107122	178.025	XX	default
2026-01-28 10:21:38	49.977	23.503	3.107349	178.038	XX	default
2026-01-28 10:21:39	49.977	23.503	3.107349	178.038	XX	default
2026-01-28 10:21:40	49.977	23.503	3.107349	178.038	XX	default
2026-01-28 10:21:41	48.863	23.541	3.107821	178.065	XX	default
2026-01-28 10:21:42	48.863	23.541	3.107821	178.065	XX	default
2026-01-28 10:21:43	48.863	23.541	3.107821	178.065	XX	default
2026-01-28 10:21:44	47.644	23.579	3.105045	177.906	XX	default
2026-01-28 10:21:45	47.644	23.579	3.105045	177.906	XX	default
2026-01-28 10:21:46	47.644	23.579	3.105045	177.906	XX	default
2026-01-28 10:21:47	46.429	23.620	3.103754	177.832	XX	default
2026-01-28 10:21:48	46.429	23.620	3.103754	177.832	XX	default
2026-01-28 10:21:49	46.028	23.636	3.104033	177.848	XX	default
2026-01-28 10:21:50	46.028	23.636	3.104033	177.848	XX	default
2026-01-28 10:21:51	46.034	23.636	3.103946	177.843	XX	default
2026-01-28 10:21:52	46.086	23.634	3.103387	177.811	XX	default
2026-01-28 10:21:53	46.086	23.634	3.103387	177.811	XX	default
2026-01-28 10:21:54	46.086	23.634	3.103387	177.811	XX	default
2026-01-28 10:21:55	46.948	23.600	3.103876	177.839	XX	default
2026-01-28 10:21:56	46.948	23.600	3.103876	177.839	XX	default
2026-01-28 10:21:57	46.948	23.600	3.103876	177.839	XX	default
2026-01-28 10:21:58	47.862	23.565	3.105307	177.921	XX	default
2026-01-28 10:21:59	47.862	23.565	3.105307	177.921	XX	default
2026-01-28 10:22:00	47.862	23.565	3.105307	177.921	XX	default
2026-01-28 10:22:01	48.774	23.533	3.104033	177.848	XX	default
2026-01-28 10:22:02	48.774	23.533	3.104033	177.848	XX	default
2026-01-28 10:22:03	48.774	23.533	3.104033	177.848	XX	default
2026-01-28 10:22:04	49.688	23.502	3.101590	177.708	XX	default
2026-01-28 10:22:05	49.688	23.502	3.101590	177.708	XX	default
2026-01-28 10:23:56	50.028	23.490	3.100001	177.617	XX	default
2026-01-28 10:23:57	50.028	23.490	3.099984	177.616	XX	default
2026-01-28 10:23:58	50.028	23.490	3.099984	177.616	XX	default
2026-01-28 10:23:59	50.019	23.490	3.100036	177.619	XX	default
2026-01-28 10:24:00	49.962	23.492	3.100124	177.624	XX	default
2026-01-28 10:24:01	49.962	23.492	3.100124	177.624	XX	default
2026-01-28 10:24:02	49.962	23.492	3.100124	177.624	XX	default
2026-01-28 10:24:03	48.836	23.538	3.099775	177.604	XX	default
2026-01-28 10:24:04	48.836	23.538	3.099775	177.604	XX	default
2026-01-28 10:24:05	48.836	23.538	3.099775	177.604	XX	default
2026-01-28 10:24:06	47.622	23.585	3.097802	177.491	XX	default
2026-01-28 10:24:07	47.622	23.585	3.097802	177.491	XX	default
2026-01-28 10:24:08	47.622	23.585	3.097802	177.491	XX	default
2026-01-28 10:24:09	46.404	23.634	3.095900	177.382	XX	default
2026-01-28 10:24:10	46.404	23.634	3.095900	177.382	XX	default
2026-01-28 10:24:11	46.025	23.653	3.096319	177.406	XX	default
2026-01-28 10:24:12	46.085	23.650	3.095795	177.376	XX	default
2026-01-28 10:24:13	46.085	23.650	3.095795	177.376	XX	default
2026-01-28 10:24:14	46.085	23.650	3.095795	177.376	XX	default
2026-01-28 10:24:15	46.953	23.610	3.095656	177.368	XX	default
2026-01-28 10:24:16	46.953	23.610	3.095656	177.368	XX	default
2026-01-28 10:24:17	46.953	23.610	3.095656	177.368	XX	default
2026-01-28 10:24:18	47.861	23.568	3.097610	177.480	XX	default
2026-01-28 10:24:19	47.861	23.568	3.097610	177.480	XX	default
2026-01-28 10:24:20	47.861	23.568	3.097610	177.480	XX	default
2026-01-28 10:24:21	48.773	23.529	3.096092	177.393	XX	default
2026-01-28 10:24:22	48.773	23.529	3.096092	177.393	XX	default
2026-01-28 10:24:23	48.773	23.529	3.096092	177.393	XX	default
2026-01-28 10:24:24	49.686	23.491	3.094120	177.280	XX	default
2026-01-28 10:24:25	49.686	23.491	3.094120	177.280	XX	default
2026-01-28 10:24:26	50.026	23.476	3.091816	177.148	XX	default
2026-01-28 10:24:27	50.026	23.476	3.091816	177.148	XX	default
2026-01-28 10:24:28	50.020	23.476	3.091833	177.149	XX	default
2026-01-28 10:24:29	49.971	23.479	3.091903	177.153	XX	default
2026-01-28 10:24:30	49.971	23.479	3.091903	177.153	XX	default
2026-01-28 10:24:31	49.971	23.479	3.091903	177.153	XX	default
2026-01-28 10:24:32	48.858	23.534	3.092217	177.171	XX	default
2026-01-28 10:24:33	48.858	23.534	3.092217	177.171	XX	default
2026-01-28 10:24:34	48.858	23.534	3.092217	177.171	XX	default
2026-01-28 10:24:35	47.643	23.590	3.089913	177.039	XX	default
2026-01-28 10:24:36	47.643	23.590	3.089913	177.039	XX	default
2026-01-28 10:24:37	47.643	23.590	3.089913	177.039	XX	default
2026-01-28 10:24:38	46.429	23.650	3.087592	176.906	XX	default
2026-01-28 10:24:39	46.429	23.650	3.087592	176.906	XX	default
2026-01-28 10:24:40	46.024	23.673	3.087487	176.900	XX	default
2026-01-28 10:24:41	46.024	23.673	3.087487	176.900	XX	default
2026-01-28 10:24:42	46.024	23.673	3.087487	176.900	XX	default
2026-01-28 10:24:43	46.024	23.673	3.087487	176.900	XX	default
2026-01-28 10:24:44	46.081	23.670	3.086772	176.859	XX	default
2026-01-28 10:24:45	46.081	23.670	3.086772	176.859	XX	default
2026-01-28 10:24:46	46.081	23.670	3.086772	176.859	XX	default
2026-01-28 10:24:47	46.946	23.623	3.085794	176.803	XX	default
2026-01-28 10:24:48	46.946	23.623	3.085794	176.803	XX	default
2026-01-28 10:24:49	46.946	23.623	3.085794	176.803	XX	default
2026-01-28 10:24:50	47.854	23.572	3.089093	176.992	XX	default
2026-01-28 10:24:51	47.854	23.572	3.089093	176.992	XX	default
2026-01-28 10:24:52	47.854	23.572	3.089093	176.992	XX	default
2026-01-28 10:24:53	48.767	23.525	3.087330	176.891	XX	default
2026-01-28 10:24:54	48.767	23.525	3.087330	176.891	XX	default
2026-01-28 10:24:55	48.767	23.525	3.087330	176.891	XX	default
2026-01-28 10:24:56	49.679	23.480	3.084957	176.755	XX	default
2026-01-28 10:24:57	49.679	23.480	3.084957	176.755	XX	default
2026-01-28 10:24:58	50.029	23.462	3.082182	176.596	XX	default
2026-01-28 10:25:28	50.029	23.462	3.082182	176.596	XX	default
2026-01-28 10:25:29	50.029	23.462	3.082182	176.596	XX	default
2026-01-28 10:25:30	50.029	23.462	3.082182	176.596	XX	default
2026-01-28 10:25:31	50.029	23.462	3.082182	176.596	XX	default
2026-01-28 10:25:32	50.029	23.462	3.082182	176.596	XX	default
2026-01-28 10:25:33	50.029	23.462	3.082182	176.596	XX	default
2026-01-28 10:25:34	50.029	23.462	3.082182	176.596	XX	default
2026-01-28 10:25:35	50.029	23.462	3.082182	176.596	XX	default
2026-01-28 10:25:36	50.029	23.462	3.082182	176.596	XX	default
2026-01-28 10:25:37	50.029	23.462	3.082182	176.596	XX	default
2026-01-28 10:25:38	50.029	23.462	3.082182	176.596	XX	default
2026-01-28 10:25:39	50.029	23.462	3.082182	176.596	XX	default
2026-01-28 10:25:40	50.029	23.462	3.082182	176.596	XX	default
2026-01-28 10:25:41	50.029	23.462	3.082182	176.596	XX	default
2026-01-28 10:25:42	50.029	23.462	3.082182	176.596	XX	default
2026-01-28 10:25:43	50.029	23.462	3.082182	176.596	XX	default
2026-01-28 10:25:44	50.029	23.462	3.082182	176.596	XX	default
2026-01-28 10:25:45	50.029	23.462	3.082182	176.596	XX	default
2026-01-28 10:25:46	50.029	23.462	3.082182	176.596	XX	default
2026-01-28 10:25:47	50.029	23.462	3.082182	176.596	XX	default
2026-01-28 10:25:48	50.029	23.462	3.082182	176.596	XX	default
2026-01-28 10:25:49	50.029	23.462	3.082182	176.596	XX	default
2026-01-28 10:25:50	50.029	23.462	3.082182	176.596	XX	default
2026-01-28 10:25:51	50.029	23.462	3.082182	176.596	XX	default
2026-01-28 10:25:52	50.029	23.462	3.082182	176.596	XX	default
2026-01-28 10:25:53	50.029	23.462	3.082182	176.596	XX	default
2026-01-28 10:25:54	50.029	23.462	3.082182	176.596	XX	default
2026-01-28 10:25:55	50.029	23.462	3.082182	176.596	XX	default2026-01-31 10:16:00	47.737	25.479	-1.500390	-85.966	XX	default
2026-01-31 10:16:01	47.737	25.479	-1.500390	-85.966	XX	default
2026-01-31 10:16:03	47.737	25.479	-1.500390	-85.966	XX	default
2026-01-31 10:16:04	47.737	25.479	-1.500390	-85.966	XX	default
2026-01-31 10:16:06	47.737	25.479	-1.500390	-85.966	XX	default
2026-01-31 10:16:07	47.737	25.479	-1.500390	-85.966	XX	default
2026-01-31 10:16:08	47.737	25.479	-1.500390	-85.966	XX	default
2026-01-31 10:16:09	47.737	25.479	-1.500390	-85.966	XX	default
2026-01-31 10:16:10	47.737	25.479	-1.500390	-85.966	XX	default
2026-01-31 10:16:11	47.737	25.479	-1.500390	-85.966	XX	default
2026-01-31 10:16:12	47.737	25.479	-1.500390	-85.966	XX	default
2026-01-31 10:16:13	47.737	25.479	-1.500390	-85.966	XX	default
2026-01-31 10:16:14	47.737	25.479	-1.500390	-85.966	XX	default
2026-01-31 10:16:15	47.737	25.479	-1.500390	-85.966	XX	default
2026-01-31 10:16:16	47.737	25.479	-1.500390	-85.966	XX	default
2026-01-31 10:16:17	47.737	25.479	-1.500390	-85.966	XX	default
2026-01-31 10:16:18	47.737	25.479	-1.500390	-85.966	XX	default
2026-01-31 10:16:19	47.737	25.479	-1.500390	-85.966	XX	default
2026-01-31 10:16:20	47.737	25.479	-1.500390	-85.966	XX	default
2026-01-31 10:16:21	47.737	25.479	-1.500390	-85.966	XX	default
2026-01-31 10:16:22	47.737	25.479	-1.500390	-85.966	XX	default
2026-01-31 10:16:23	47.737	25.479	-1.500390	-85.966	XX	default
2026-01-31 10:16:24	47.737	25.479	-1.500390	-85.966	XX	default
2026-01-31 10:16:25	47.737	25.479	-1.500390	-85.966	XX	default
2026-01-31 10:16:26	47.737	25.479	-1.500390	-85.966	XX	default
2026-01-31 10:16:27	47.737	25.479	-1.500390	-85.966	XX	default
2026-01-31 10:16:28	47.737	25.479	-1.500390	-85.966	XX	default
2026-01-31 10:16:29	47.737	25.479	-1.500390	-85.966	XX	default
2026-01-31 10:16:30	47.737	25.479	-1.500390	-85.966	XX	default
2026-01-31 10:16:31	47.737	25.479	-1.500390	-85.966	XX	default
2026-01-31 10:16:32	47.737	25.479	-1.500390	-85.966	XX	default
2026-01-31 10:16:33	47.737	25.479	-1.500390	-85.966	XX	default
2026-01-31 10:16:34	47.737	25.479	-1.500390	-85.966	XX	default
2026-01-31 10:16:35	47.737	25.479	-1.500390	-85.966	XX	default
2026-01-31 10:16:36	47.737	25.479	-1.500390	-85.966	XX	default
2026-01-31 10:16:37	47.737	25.479	-1.500390	-85.966	XX	default
2026-01-31 10:16:38	47.737	25.479	-1.500390	-85.966	XX	default
2026-01-31 10:16:39	47.737	25.479	-1.500390	-85.966	XX	default
2026-01-31 10:16:40	47.737	25.479	-1.500390	-85.966	XX	default
2026-01-31 10:16:41	47.737	25.479	-1.500390	-85.966	XX	default
2026-01-31 10:16:42	47.737	25.479	-1.500390	-85.966	XX	default
2026-01-31 10:16:43	47.737	25.479	-1.500390	-85.966	XX	default
2026-01-31 10:16:44	47.737	25.479	-1.500390	-85.966	XX	default
2026-01-31 10:16:45	47.737	25.479	-1.500390	-85.966	XX	default
2026-01-31 10:16:46	47.737	25.479	-1.500390	-85.966	XX	default
2026-01-31 10:16:47	47.737	25.479	-1.500390	-85.966	XX	default
2026-01-31 10:16:48	47.737	25.479	-1.500390	-85.966	XX	default
2026-01-31 10:16:49	47.737	25.479	-1.500390	-85.966	XX	default
2026-01-31 10:16:50	47.737	25.479	-1.500390	-85.966	XX	default
2026-01-31 10:16:51	47.737	25.479	-1.500390	-85.966	XX	default
2026-01-31 10:16:52	47.737	25.479	-1.500390	-85.966	XX	default
2026-01-31 10:16:53	47.737	25.479	-1.500390	-85.966	XX	default
2026-01-31 10:16:54	47.737	25.479	-1.500390	-85.966	XX	default
2026-01-31 10:16:55	47.737	25.479	-1.500390	-85.966	XX	default
2026-01-31 10:16:56	47.737	25.479	-1.500390	-85.966	XX	default
2026-01-31 10:16:57	47.737	25.479	-1.500390	-85.966	XX	default
2026-01-31 10:16:58	47.737	25.479	-1.500390	-85.966	XX	default
2026-01-31 10:16:59	47.737	25.479	-1.500390	-85.966	XX	default
2026-01-31 10:17:00	47.737	25.479	-1.500390	-85.966	XX	default
2026-01-31 10:17:01	47.737	25.479	-1.500390	-85.966	XX	default
2026-01-31 10:17:02	47.737	25.479	-1.500390	-85.966	XX	default
2026-01-31 10:17:03	47.737	25.479	-1.500390	-85.966	XX	default
2026-01-31 10:17:04	47.737	25.479	-1.500390	-85.966	XX	default
2026-01-31 10:17:05	47.737	25.479	-1.500390	-85.966	XX	default
2026-01-31 10:17:06	47.737	25.479	-1.500390	-85.966	XX	default
2026-01-31 10:17:07	47.737	25.479	-1.500390	-85.966	XX	default
2026-01-31 10:17:08	47.737	25.479	-1.500390	-85.966	XX	default
2026-01-31 10:17:09	47.737	25.479	-1.500390	-85.966	XX	default
2026-01-31 10:17:10	47.737	25.479	-1.500390	-85.966	XX	default
2026-01-31 10:17:11	47.737	25.479	-1.500390	-85.966	XX	default
2026-01-31 10:17:12	47.737	25.479	-1.500390	-85.966	XX	default
2026-01-31 10:17:13	47.737	25.479	-1.500390	-85.966	XX	default
2026-01-31 10:17:14	47.737	25.479	-1.500390	-85.966	XX	default
2026-01-31 10:17:15	47.737	25.479	-1.500390	-85.966	XX	default
2026-01-31 10:17:16	47.737	25.479	-1.500390	-85.966	XX	default
2026-01-31 10:17:17	47.737	25.479	-1.500390	-85.966	XX	default
2026-01-31 10:17:18	47.737	25.479	-1.500390	-85.966	XX	default
2026-01-31 10:17:19	47.737	25.479	-1.500390	-85.966	XX	default
2026-01-31 10:17:20	47.737	25.479	-1.500390	-85.966	XX	default
2026-01-31 10:17:21	47.737	25.479	-1.500390	-85.966	XX	default
2026-01-31 10:17:22	47.737	25.479	-1.500390	-85.966	XX	default
2026-01-31 10:17:23	47.737	25.479	-1.500390	-85.966	XX	default
2026-01-31 10:17:24	47.737	25.479	-1.500390	-85.966	XX	default
2026-01-31 10:17:25	47.737	25.479	-1.500390	-85.966	XX	default
2026-01-31 10:17:26	47.737	25.479	-1.500390	-85.966	XX	default
2026-01-31 10:17:27	47.737	25.479	-1.500390	-85.966	XX	default
2026-01-31 10:17:28	47.737	25.479	-1.500390	-85.966	XX	default
2026-01-31 10:17:29	47.737	25.479	-1.500390	-85.966	XX	default
2026-01-31 10:17:30	47.737	25.479	-1.500390	-85.966	XX	default
2026-01-31 10:17:31	47.737	25.479	-1.500390	-85.966	XX	default
2026-01-31 10:17:32	47.737	25.479	-1.500390	-85.966	XX	default
2026-01-31 10:17:33	47.737	25.479	-1.500390	-85.966	XX	default
2026-01-31 10:17:34	47.737	25.479	-1.500390	-85.966	XX	default
2026-01-31 10:17:35	47.737	25.479	-1.500390	-85.966	XX	default
2026-01-31 10:17:36	47.737	25.479	-1.500390	-85.966	XX	default
2026-01-31 10:17:37	47.737	25.479	-1.500390	-85.966	XX	default
2026-01-31 10:17:38	47.737	25.479	-1.500390	-85.966	XX	default
2026-01-31 10:17:39	47.737	25.479	-1.500390	-85.966	XX	default
2026-01-31 10:17:40	47.737	25.479	-1.500390	-85.966	XX	default
2026-01-31 10:17:41	47.737	25.479	-1.500390	-85.966	XX	default
2026-01-31 10:17:42	47.737	25.479	-1.500390	-85.966	XX	default
2026-01-31 10:17:43	47.737	25.479	-1.500390	-85.966	XX	default
2026-01-31 10:17:44	47.737	25.479	-1.500390	-85.966	XX	default
2026-01-31 10:17:45	47.737	25.479	-1.500390	-85.966	XX	default
2026-01-31 10:17:46	47.737	25.479	-1.500390	-85.966	XX	default
2026-01-31 10:17:47	47.737	25.479	-1.500390	-85.966	XX	default
2026-01-31 10:17:48	47.737	25.479	-1.500390	-85.966	XX	default
2026-01-31 10:17:49	47.737	25.479	-1.500390	-85.966	XX	default
2026-01-31 10:17:50	47.737	25.479	-1.500390	-85.966	XX	default
2026-01-31 10:17:51	47.737	25.479	-1.500390	-85.966	XX	default
2026-01-31 10:17:52	47.737	25.479	-1.500390	-85.966	XX	default
2026-01-31 10:17:53	47.737	25.479	-1.500390	-85.966	XX	default
2026-01-31 10:17:54	47.737	25.479	-1.500390	-85.966	XX	default
2026-01-31 10:17:55	47.737	25.479	-1.500390	-85.966	XX	default
2026-01-31 10:17:56	47.737	25.479	-1.500390	-85.966	XX	default
2026-01-31 10:17:57	47.737	25.479	-1.500390	-85.966	XX	default
2026-01-31 10:17:58	47.737	25.479	-1.500390	-85.966	XX	default
2026-01-31 10:17:59	47.737	25.479	-1.500390	-85.966	XX	default
2026-01-31 10:18:00	47.737	25.479	-1.500390	-85.966	XX	default
2026-01-31 10:18:01	47.737	25.479	-1.500390	-85.966	XX	default
2026-01-31 10:18:02	47.737	25.479	-1.500390	-85.966	XX	default
2026-01-31 10:18:03	47.737	25.479	-1.500390	-85.966	XX	default
2026-01-31 10:18:04	47.737	25.479	-1.500390	-85.966	XX	default
2026-01-31 10:18:05	47.737	25.479	-1.500390	-85.966	XX	default
2026-01-31 10:18:06	47.737	25.479	-1.500390	-85.966	XX	default
2026-01-31 10:18:07	47.737	25.479	-1.500390	-85.966	XX	default
2026-01-31 10:18:08	47.737	25.479	-1.500390	-85.966	XX	default
2026-01-31 10:18:09	47.737	25.479	-1.500390	-85.966	XX	default
2026-01-31 10:18:10	47.737	25.479	-1.500390	-85.966	XX	default
2026-01-31 10:18:11	47.737	25.479	-1.500390	-85.966	XX	default
2026-01-31 10:18:12	47.737	25.479	-1.500390	-85.966	XX	default
2026-01-31 10:18:13	47.737	25.479	-1.500390	-85.966	XX	default
2026-01-31 10:18:14	47.737	25.479	-1.500390	-85.966	XX	default
2026-01-31 10:18:15	47.737	25.479	-1.500390	-85.966	XX	default
2026-01-31 10:18:16	47.737	25.479	-1.500390	-85.966	XX	default
2026-01-31 10:18:17	47.737	25.479	-1.500390	-85.966	XX	default
2026-01-31 10:18:18	47.737	25.479	-1.500390	-85.966	XX	default
2026-01-31 10:18:19	47.737	25.479	-1.500390	-85.966	XX	default
2026-01-31 10:18:20	47.737	25.479	-1.500390	-85.966	XX	default
2026-01-31 10:18:21	47.737	25.479	-1.500390	-85.966	XX	default
2026-01-31 10:18:22	47.737	25.479	-1.500390	-85.966	XX	default
2026-01-31 10:18:23	47.737	25.479	-1.500390	-85.966	XX	default
2026-01-31 10:18:24	47.737	25.479	-1.500390	-85.966	XX	default
2026-01-31 10:18:25	47.737	25.479	-1.500390	-85.966	XX	default
2026-01-31 10:18:26	47.737	25.479	-1.500390	-85.966	XX	default
2026-01-31 10:18:27	47.737	25.479	-1.500390	-85.966	XX	default
2026-01-31 10:18:28	47.737	25.479	-1.500390	-85.966	XX	default
2026-01-31 10:18:29	47.737	25.479	-1.500390	-85.966	XX	default
2026-01-31 10:18:30	47.737	25.479	-1.500390	-85.966	XX	default
2026-01-31 10:18:31	47.737	25.479	-1.500390	-85.966	XX	default
2026-01-31 10:18:32	47.737	25.479	-1.500390	-85.966	XX	default
2026-01-31 10:18:33	47.737	25.479	-1.500390	-85.966	XX	default
2026-01-31 10:18:34	47.737	25.479	-1.500390	-85.966	XX	default
2026-01-31 10:18:35	47.737	25.479	-1.500390	-85.966	XX	default
2026-01-31 10:18:36	47.737	25.479	-1.500390	-85.966	XX	default
2026-01-31 10:18:37	47.737	25.479	-1.500390	-85.966	XX	default
2026-01-31 10:18:38	47.737	25.479	-1.500390	-85.966	XX	default
2026-01-31 10:18:39	47.737	25.479	-1.500390	-85.966	XX	default
2026-01-31 10:18:40	47.737	25.479	-1.500390	-85.966	XX	default
2026-01-31 10:18:41	47.737	25.479	-1.500390	-85.966	XX	default
2026-01-31 10:18:42	47.737	25.479	-1.500390	-85.966	XX	default
2026-01-31 10:18:43	47.737	25.479	-1.500390	-85.966	XX	default
2026-01-31 10:18:44	47.737	25.479	-1.500390	-85.966	XX	default
2026-01-31 10:18:45	47.737	25.479	-1.500390	-85.966	XX	default
2026-01-31 10:18:46	47.737	25.479	-1.500390	-85.966	XX	default
2026-01-31 10:18:47	47.737	25.479	-1.500390	-85.966	XX	default
2026-01-31 10:18:48	47.737	25.479	-1.500390	-85.966	XX	default
2026-01-31 10:18:49	47.737	25.479	-1.500390	-85.966	XX	default
2026-01-31 10:18:50	47.737	25.479	-1.500390	-85.966	XX	default
2026-01-31 10:18:51	47.737	25.479	-1.500390	-85.966	XX	default
2026-01-31 10:18:52	47.737	25.479	-1.500390	-85.966	XX	default
2026-01-31 10:18:53	47.737	25.479	-1.500390	-85.966	XX	default
2026-01-31 10:18:54	47.737	25.479	-1.500390	-85.966	XX	default
2026-01-31 10:18:55	47.737	25.479	-1.500390	-85.966	XX	default
2026-01-31 10:18:56	47.737	25.479	-1.500390	-85.966	XX	default
2026-01-31 10:18:57	47.737	25.479	-1.500390	-85.966	XX	default
2026-01-31 10:18:58	47.737	25.479	-1.500390	-85.966	XX	default
2026-01-31 10:18:59	47.737	25.479	-1.500390	-85.966	XX	default
2026-01-31 10:19:00	47.737	25.479	-1.500390	-85.966	XX	default
2026-01-31 10:19:01	47.737	25.479	-1.500390	-85.966	XX	default
2026-01-31 10:19:02	47.737	25.479	-1.500390	-85.966	XX	default
2026-01-31 10:19:03	47.737	25.479	-1.500390	-85.966	XX	default
2026-01-31 10:19:04	47.737	25.479	-1.500390	-85.966	XX	default
2026-01-31 10:19:05	47.737	25.479	-1.500390	-85.966	XX	default
2026-01-31 10:19:06	47.737	25.479	-1.500390	-85.966	XX	default
2026-01-31 10:19:07	47.737	25.479	-1.500390	-85.966	XX	default
2026-01-31 10:19:08	47.737	25.479	-1.500390	-85.966	XX	default
2026-01-31 10:19:09	47.737	25.479	-1.500390	-85.966	XX	default
2026-01-31 10:19:10	47.737	25.479	-1.500390	-85.966	XX	default
2026-01-31 10:19:11	47.737	25.479	-1.500390	-85.966	XX	default
2026-01-31 10:19:12	47.737	25.479	-1.500390	-85.966	XX	default
2026-01-31 10:19:13	47.737	25.479	-1.500390	-85.966	XX	default
2026-01-31 10:19:14	47.737	25.479	-1.500390	-85.966	XX	default
2026-01-31 10:19:15	47.737	25.479	-1.500390	-85.966	XX	default
2026-01-31 10:19:16	47.737	25.479	-1.500390	-85.966	XX	default
2026-01-31 10:19:17	47.737	25.479	-1.500390	-85.966	XX	default
2026-01-31 10:19:18	47.737	25.479	-1.500390	-85.966	XX	default
2026-01-31 10:19:19	47.737	25.479	-1.500390	-85.966	XX	default
2026-01-31 10:19:20	47.737	25.479	-1.500390	-85.966	XX	default
2026-01-31 10:19:21	47.737	25.479	-1.500390	-85.966	XX	default
2026-01-31 10:19:22	47.737	25.479	-1.500390	-85.966	XX	default
2026-01-31 10:19:23	47.737	25.479	-1.500390	-85.966	XX	default
2026-01-31 10:19:24	47.737	25.479	-1.500390	-85.966	XX	default
2026-01-31 10:19:25	47.737	25.479	-1.500390	-85.966	XX	default
2026-01-31 10:19:26	47.737	25.479	-1.500390	-85.966	XX	default
2026-01-31 10:19:27	47.737	25.479	-1.500390	-85.966	XX	default
2026-01-31 10:19:28	47.737	25.479	-1.500390	-85.966	XX	default
2026-01-31 10:19:29	47.737	25.479	-1.500390	-85.966	XX	default
2026-01-31 10:19:30	47.737	25.479	-1.500390	-85.966	XX	default
2026-01-31 10:19:31	47.737	25.479	-1.500390	-85.966	XX	default
2026-01-31 10:19:32	47.737	25.479	-1.500390	-85.966	XX	default
2026-01-31 10:19:33	47.737	25.479	-1.500390	-85.966	XX	default
2026-01-31 10:19:34	47.737	25.479	-1.500390	-85.966	XX	default
2026-01-31 10:19:35	47.737	25.479	-1.500390	-85.966	XX	default
2026-01-31 10:19:36	47.737	25.479	-1.500390	-85.966	XX	default
2026-01-31 10:19:37	47.737	25.479	-1.500390	-85.966	XX	default
2026-01-31 10:19:38	47.737	25.479	-1.500390	-85.966	XX	default
2026-01-31 10:19:39	47.737	25.479	-1.500390	-85.966	XX	default
2026-01-31 10:19:40	47.737	25.479	-1.500390	-85.966	XX	default
2026-01-31 10:19:41	47.737	25.479	-1.500390	-85.966	XX	default
2026-01-31 10:19:42	47.737	25.479	-1.500390	-85.966	XX	default
2026-01-31 10:19:43	47.737	25.479	-1.500390	-85.966	XX	default
2026-01-31 10:19:44	47.737	25.479	-1.500390	-85.966	XX	default
2026-01-31 10:19:45	47.737	25.479	-1.500390	-85.966	XX	default
2026-01-31 10:19:46	47.737	25.479	-1.500390	-85.966	XX	default
2026-01-31 10:19:47	47.737	25.479	-1.500390	-85.966	XX	default
2026-01-31 10:19:48	47.737	25.479	-1.500390	-85.966	XX	default
2026-01-31 10:19:49	47.737	25.479	-1.500390	-85.966	XX	default
2026-01-31 10:19:50	47.737	25.479	-1.500390	-85.966	XX	default
2026-01-31 10:19:51	47.737	25.479	-1.500390	-85.966	XX	default
2026-01-31 10:19:52	47.737	25.479	-1.500390	-85.966	XX	default
2026-01-31 10:19:53	47.737	25.479	-1.500390	-85.966	XX	default
2026-01-31 10:19:54	47.737	25.479	-1.500390	-85.966	XX	default
2026-01-31 10:19:55	47.737	25.479	-1.500390	-85.966	XX	default
2026-01-31 10:19:56	47.737	25.479	-1.500390	-85.966	XX	default
2026-01-31 10:19:57	47.737	25.479	-1.500390	-85.966	XX	default
2026-01-31 10:19:58	47.737	25.479	-1.500390	-85.966	XX	default
2026-01-31 10:19:59	47.737	25.479	-1.500390	-85.966	XX	default
2026-01-31 10:20:00	47.737	25.479	-1.500390	-85.966	XX	default
2026-01-31 10:20:01	47.737	25.479	-1.500390	-85.966	XX	default
2026-01-31 10:20:02	47.737	25.479	-1.500390	-85.966	XX	default
2026-01-31 10:20:03	47.737	25.479	-1.500390	-85.966	XX	default
2026-01-31 10:20:04	47.737	25.479	-1.500390	-85.966	XX	default
2026-01-31 10:20:05	47.737	25.479	-1.500390	-85.966	XX	default
2026-01-31 10:20:06	47.737	25.479	-1.500390	-85.966	XX	default
2026-01-31 10:20:07	47.738	25.470	-1.500425	-85.968	XX	default
2026-01-31 10:20:08	47.742	25.413	-1.501228	-86.014	XX	default
2026-01-31 10:20:09	47.742	25.413	-1.501228	-86.014	XX	default
2026-01-31 10:20:10	47.742	25.413	-1.501228	-86.014	XX	default
2026-01-31 10:20:11	47.807	24.475	-1.498016	-85.830	XX	default
2026-01-31 10:20:12	47.807	24.475	-1.498016	-85.830	XX	default
2026-01-31 10:20:13	47.807	24.475	-1.498016	-85.830	XX	default
2026-01-31 10:20:14	47.807	24.475	-1.498016	-85.830	XX	default
2026-01-31 10:20:15	47.807	24.475	-1.498016	-85.830	XX	default
2026-01-31 10:20:16	47.807	24.475	-1.498016	-85.830	XX	default
2026-01-31 10:20:17	47.807	24.475	-1.498016	-85.830	XX	default
2026-01-31 10:20:18	47.807	24.475	-1.498016	-85.830	XX	default
2026-01-31 10:20:19	47.807	24.475	-1.498016	-85.830	XX	default
2026-01-31 10:20:20	47.807	24.475	-1.498016	-85.830	XX	default
2026-01-31 10:20:21	47.807	24.475	-1.498016	-85.830	XX	default
2026-01-31 10:20:22	47.807	24.475	-1.498016	-85.830	XX	default
2026-01-31 10:20:23	47.807	24.475	-1.498016	-85.830	XX	default
2026-01-31 10:20:24	47.807	24.475	-1.498016	-85.830	XX	default
2026-01-31 10:20:25	47.807	24.475	-1.498016	-85.830	XX	default
2026-01-31 10:20:26	47.807	24.475	-1.498016	-85.830	XX	default
2026-01-31 10:20:27	47.807	24.475	-1.498016	-85.830	XX	default
2026-01-31 10:20:28	47.807	24.475	-1.498016	-85.830	XX	default
2026-01-31 10:20:29	47.807	24.475	-1.498016	-85.830	XX	default
2026-01-31 10:20:30	47.807	24.475	-1.498016	-85.830	XX	default
2026-01-31 10:20:31	47.807	24.475	-1.498016	-85.830	XX	default
2026-01-31 10:20:32	47.807	24.475	-1.498016	-85.830	XX	default
2026-01-31 10:20:33	47.807	24.475	-1.498034	-85.831	XX	default
2026-01-31 10:20:34	47.807	24.475	-1.504107	-86.179	XX	default
2026-01-31 10:20:35	47.809	24.475	-1.533638	-87.871	XX	default
2026-01-31 10:20:36	47.809	24.475	-1.533935	-87.888	XX	default
2026-01-31 10:20:37	47.809	24.475	-1.533935	-87.888	XX	default
2026-01-31 10:20:38	47.809	24.475	-1.533900	-87.886	XX	default
2026-01-31 10:20:39	47.811	24.475	-1.557532	-89.240	XX	default
2026-01-31 10:20:40	47.811	24.475	-1.557532	-89.240	XX	default
2026-01-31 10:20:41	47.821	24.473	-1.708416	-97.885	XX	default
2026-01-31 10:20:42	47.821	24.473	-1.708416	-97.885	XX	default
2026-01-31 10:20:43	47.821	24.473	-1.708416	-97.885	XX	default
2026-01-31 10:20:44	47.821	24.473	-1.708416	-97.885	XX	default
2026-01-31 10:20:45	47.821	24.473	-1.708433	-97.886	XX	default
2026-01-31 10:20:46	47.821	24.473	-1.708433	-97.886	XX	default
2026-01-31 10:20:47	47.821	24.473	-1.708433	-97.886	XX	default
2026-01-31 10:20:48	47.821	24.473	-1.708433	-97.886	XX	default
2026-01-31 10:20:49	47.821	24.473	-1.708416	-97.885	XX	default
2026-01-31 10:20:50	47.821	24.473	-1.708416	-97.885	XX	default
2026-01-31 10:20:51	47.821	24.473	-1.708416	-97.885	XX	default
2026-01-31 10:20:52	47.821	24.473	-1.708416	-97.885	XX	default
2026-01-31 10:20:53	47.712	23.698	-1.710335	-97.995	XX	default
2026-01-31 10:20:54	47.712	23.698	-1.710335	-97.995	XX	default
2026-01-31 10:20:55	47.679	23.477	-1.711452	-98.059	XX	default
2026-01-31 10:20:56	47.679	23.477	-1.711452	-98.059	XX	default
2026-01-31 10:20:57	47.679	23.477	-1.711452	-98.059	XX	default
2026-01-31 10:20:58	47.679	23.477	-1.711452	-98.059	XX	default
2026-01-31 10:20:59	47.679	23.477	-1.711452	-98.059	XX	default
2026-01-31 10:21:00	47.679	23.477	-1.711452	-98.059	XX	default
2026-01-31 10:21:01	47.679	23.477	-1.711452	-98.059	XX	default
2026-01-31 10:21:02	47.679	23.477	-1.711452	-98.059	XX	default
2026-01-31 10:21:03	47.676	23.454	-1.711365	-98.054	XX	default
2026-01-31 10:21:04	47.676	23.454	-1.711365	-98.054	XX	default
2026-01-31 10:21:05	47.676	23.454	-1.711365	-98.054	XX	default
2026-01-31 10:21:06	47.539	22.493	-1.713704	-98.188	XX	default
2026-01-31 10:21:07	47.537	22.480	-1.714105	-98.211	XX	default
2026-01-31 10:21:08	47.537	22.480	-1.714105	-98.211	XX	default
2026-01-31 10:21:09	47.537	22.480	-1.714105	-98.211	XX	default
2026-01-31 10:21:10	47.537	22.480	-1.714105	-98.211	XX	default
2026-01-31 10:21:11	47.537	22.480	-1.714105	-98.211	XX	default
2026-01-31 10:21:12	47.537	22.480	-1.714105	-98.211	XX	default
2026-01-31 10:21:13	47.537	22.480	-1.714105	-98.211	XX	default
2026-01-31 10:21:14	47.537	22.480	-1.714105	-98.211	XX	default
2026-01-31 10:21:15	47.537	22.480	-1.714105	-98.211	XX	default
2026-01-31 10:21:16	47.537	22.480	-1.713599	-98.182	XX	default
2026-01-31 10:21:17	47.537	22.480	-1.713599	-98.182	XX	default
2026-01-31 10:21:18	47.537	22.480	-1.713599	-98.182	XX	default
2026-01-31 10:21:19	47.537	22.480	-1.713599	-98.182	XX	default
2026-01-31 10:21:20	47.537	22.480	-1.713599	-98.182	XX	default
2026-01-31 10:21:21	47.537	22.480	-1.713599	-98.182	XX	default
2026-01-31 10:21:22	47.537	22.480	-1.713599	-98.182	XX	default
2026-01-31 10:21:23	47.537	22.480	-1.713599	-98.182	XX	default
2026-01-31 10:21:24	47.537	22.480	-1.713599	-98.182	XX	default
2026-01-31 10:21:25	47.537	22.480	-1.713599	-98.182	XX	default
2026-01-31 10:21:26	47.537	22.480	-1.713599	-98.182	XX	default
2026-01-31 10:21:27	47.537	22.480	-1.713599	-98.182	XX	default
2026-01-31 10:21:28	47.537	22.480	-1.713599	-98.182	XX	default
2026-01-31 10:21:29	47.537	22.480	-1.713599	-98.182	XX	default
2026-01-31 10:21:30	47.537	22.480	-1.713599	-98.182	XX	default
2026-01-31 10:21:31	47.537	22.480	-1.713599	-98.182	XX	default
2026-01-31 10:21:32	47.537	22.480	-1.713599	-98.182	XX	default
2026-01-31 10:21:33	47.537	22.480	-1.713599	-98.182	XX	default
2026-01-31 10:21:34	47.534	22.481	-1.679914	-96.252	XX	default
2026-01-31 10:21:35	47.524	22.480	-1.546833	-88.627	XX	default
2026-01-31 10:21:36	47.523	22.478	-1.538962	-88.176	XX	default
2026-01-31 10:21:37	47.523	22.478	-1.538944	-88.175	XX	default
2026-01-31 10:21:38	47.523	22.478	-1.538944	-88.175	XX	default
2026-01-31 10:21:39	47.523	22.478	-1.538944	-88.175	XX	default
2026-01-31 10:21:40	47.523	22.478	-1.538996	-88.178	XX	default
2026-01-31 10:21:41	47.523	22.478	-1.538996	-88.178	XX	default
2026-01-31 10:21:42	47.523	22.478	-1.538996	-88.178	XX	default
2026-01-31 10:21:43	47.523	22.478	-1.538996	-88.178	XX	default
2026-01-31 10:21:44	47.523	22.478	-1.538996	-88.178	XX	default
2026-01-31 10:21:45	47.523	22.478	-1.538996	-88.178	XX	default
2026-01-31 10:21:46	47.523	22.478	-1.538996	-88.178	XX	default
2026-01-31 10:21:47	47.523	22.478	-1.538996	-88.178	XX	default
2026-01-31 10:21:48	47.523	22.478	-1.538996	-88.178	XX	default
2026-01-31 10:21:49	47.523	22.478	-1.538996	-88.178	XX	default
2026-01-31 10:21:50	47.523	22.478	-1.538996	-88.178	XX	default
2026-01-31 10:21:51	47.523	22.478	-1.538996	-88.178	XX	default
2026-01-31 10:21:52	47.523	22.478	-1.538996	-88.178	XX	default
2026-01-31 10:21:53	47.523	22.478	-1.538996	-88.178	XX	default
2026-01-31 10:21:54	47.523	22.478	-1.538996	-88.178	XX	default
2026-01-31 10:21:55	47.523	22.478	-1.538996	-88.178	XX	default
2026-01-31 10:21:56	47.523	22.478	-1.538996	-88.178	XX	default
2026-01-31 10:21:57	47.523	22.478	-1.538996	-88.178	XX	default
2026-01-31 10:21:58	47.523	22.478	-1.538996	-88.178	XX	default
2026-01-31 10:21:59	47.523	22.478	-1.538996	-88.178	XX	default
2026-01-31 10:22:00	47.523	22.478	-1.538996	-88.178	XX	default
2026-01-31 10:22:01	47.523	22.478	-1.538996	-88.178	XX	default
2026-01-31 10:22:02	47.523	22.478	-1.538996	-88.178	XX	default
2026-01-31 10:22:03	47.523	22.478	-1.538996	-88.178	XX	default
2026-01-31 10:22:04	47.523	22.478	-1.538996	-88.178	XX	default
2026-01-31 10:22:05	47.523	22.478	-1.535645	-87.986	XX	default
2026-01-31 10:22:06	47.519	22.477	-1.496812	-85.761	XX	default
2026-01-31 10:22:07	47.511	22.473	-1.400051	-80.217	XX	default
2026-01-31 10:22:08	47.511	22.473	-1.399981	-80.213	XX	default
2026-01-31 10:22:09	47.511	22.473	-1.399981	-80.213	XX	default
2026-01-31 10:22:10	47.511	22.473	-1.399981	-80.213	XX	default
2026-01-31 10:22:11	47.511	22.473	-1.399998	-80.214	XX	default
2026-01-31 10:22:12	47.511	22.473	-1.399998	-80.214	XX	default
2026-01-31 10:22:13	47.511	22.473	-1.399998	-80.214	XX	default
2026-01-31 10:22:15	47.511	22.473	-1.399998	-80.214	XX	default
2026-01-31 10:22:16	47.511	22.473	-1.399998	-80.214	XX	default
2026-01-31 10:22:17	47.511	22.473	-1.399998	-80.214	XX	default
2026-01-31 10:22:18	47.514	22.474	-1.434451	-82.188	XX	default
2026-01-31 10:22:19	47.514	22.474	-1.434451	-82.188	XX	default
2026-01-31 10:22:20	47.521	22.471	-1.574723	-90.225	XX	default
2026-01-31 10:22:21	47.521	22.471	-1.574723	-90.225	XX	default
2026-01-31 10:22:22	47.521	22.471	-1.574723	-90.225	XX	default
2026-01-31 10:22:23	47.521	22.471	-1.574828	-90.231	XX	default
2026-01-31 10:22:24	47.521	22.471	-1.574828	-90.231	XX	default
2026-01-31 10:22:25	47.521	22.471	-1.574828	-90.231	XX	default
2026-01-31 10:22:26	47.521	22.471	-1.574828	-90.231	XX	default
2026-01-31 10:22:27	47.521	22.471	-1.574828	-90.231	XX	default
2026-01-31 10:22:28	47.521	22.471	-1.574828	-90.231	XX	default
2026-01-31 10:22:29	47.521	22.471	-1.574828	-90.231	XX	default
2026-01-31 10:22:30	47.521	22.471	-1.574880	-90.234	XX	default
2026-01-31 10:22:31	47.521	22.471	-1.574880	-90.234	XX	default
2026-01-31 10:22:32	47.521	22.471	-1.574880	-90.234	XX	default
2026-01-31 10:22:33	47.521	23.081	-1.575561	-90.273	XX	default
2026-01-31 10:22:34	47.521	23.081	-1.575561	-90.273	XX	default
2026-01-31 10:22:35	47.524	23.473	-1.577638	-90.392	XX	default
2026-01-31 10:22:36	47.524	23.473	-1.577638	-90.392	XX	default
2026-01-31 10:22:37	47.524	23.473	-1.577638	-90.392	XX	default
2026-01-31 10:22:38	47.524	23.473	-1.577638	-90.392	XX	default
2026-01-31 10:22:39	47.524	23.473	-1.577638	-90.392	XX	default
2026-01-31 10:22:40	47.524	23.474	-1.577621	-90.391	XX	default
2026-01-31 10:22:41	47.524	23.623	-1.574636	-90.220	XX	default
2026-01-31 10:22:42	47.525	23.775	-1.575491	-90.269	XX	default
2026-01-31 10:22:43	47.525	23.858	-1.576434	-90.323	XX	default
2026-01-31 10:22:44	47.525	23.858	-1.576434	-90.323	XX	default
2026-01-31 10:22:45	47.525	23.858	-1.576434	-90.323	XX	default
2026-01-31 10:22:46	47.525	23.860	-1.576434	-90.323	XX	default
2026-01-31 10:22:47	47.525	23.900	-1.576277	-90.314	XX	default
2026-01-31 10:22:48	47.525	23.900	-1.576277	-90.314	XX	default
2026-01-31 10:22:49	47.525	23.900	-1.576277	-90.314	XX	default
2026-01-31 10:22:50	47.531	24.774	-1.575404	-90.264	XX	default
2026-01-31 10:22:51	47.532	24.860	-1.574584	-90.217	XX	default
2026-01-31 10:22:52	47.532	24.860	-1.574584	-90.217	XX	default
2026-01-31 10:22:53	47.532	24.860	-1.574584	-90.217	XX	default
2026-01-31 10:22:54	47.532	24.860	-1.574584	-90.217	XX	default
2026-01-31 10:22:55	47.532	24.860	-1.574584	-90.217	XX	default
2026-01-31 10:22:56	47.532	24.860	-1.574584	-90.217	XX	default
2026-01-31 10:22:57	47.532	24.860	-1.574584	-90.217	XX	default
2026-01-31 10:22:58	47.532	24.860	-1.574584	-90.217	XX	default
2026-01-31 10:22:59	47.532	24.860	-1.574584	-90.217	XX	default
2026-01-31 10:23:00	47.532	24.860	-1.574584	-90.217	XX	default
2026-01-31 10:23:01	47.532	24.863	-1.574531	-90.214	XX	default
2026-01-31 10:23:02	47.532	24.910	-1.572821	-90.116	XX	default
2026-01-31 10:23:03	47.532	24.910	-1.572821	-90.116	XX	default
2026-01-31 10:23:04	47.538	25.791	-1.571372	-90.033	XX	default
2026-01-31 10:23:05	47.538	25.791	-1.571372	-90.033	XX	default
2026-01-31 10:23:06	47.540	25.865	-1.571512	-90.041	XX	default
2026-01-31 10:23:07	47.540	25.865	-1.571512	-90.041	XX	default
2026-01-31 10:23:08	47.540	25.865	-1.571512	-90.041	XX	default
2026-01-31 10:23:09	47.540	25.865	-1.571512	-90.041	XX	default
2026-01-31 10:23:10	47.540	25.865	-1.571512	-90.041	XX	default
2026-01-31 10:23:11	47.540	25.865	-1.571512	-90.041	XX	default
2026-01-31 10:23:12	47.540	25.865	-1.571512	-90.041	XX	default
2026-01-31 10:23:13	47.540	25.865	-1.571512	-90.041	XX	default
2026-01-31 10:23:14	47.540	25.865	-1.571512	-90.041	XX	default
2026-01-31 10:23:15	47.540	25.865	-1.571512	-90.041	XX	default
2026-01-31 10:23:16	47.540	25.823	-1.569819	-89.944	XX	default
2026-01-31 10:23:17	47.540	25.823	-1.569819	-89.944	XX	default
2026-01-31 10:23:18	47.541	25.463	-1.572943	-90.123	XX	default
2026-01-31 10:23:19	47.541	25.463	-1.572943	-90.123	XX	default
2026-01-31 10:23:20	47.541	25.463	-1.572943	-90.123	XX	default
2026-01-31 10:23:21	47.541	25.463	-1.572943	-90.123	XX	default
2026-01-31 10:23:22	47.541	25.463	-1.572943	-90.123	XX	default
2026-01-31 10:23:23	47.541	25.463	-1.572943	-90.123	XX	default
2026-01-31 10:23:24	47.541	25.463	-1.572943	-90.123	XX	default
2026-01-31 10:23:25	47.541	25.463	-1.572943	-90.123	XX	default
2026-01-31 10:23:26	47.541	25.463	-1.572943	-90.123	XX	default
2026-01-31 10:23:27	47.541	25.463	-1.572943	-90.123	XX	default
2026-01-31 10:23:28	47.541	25.463	-1.572943	-90.123	XX	default
2026-01-31 10:23:29	47.541	25.463	-1.572943	-90.123	XX	default
2026-01-31 10:23:30	47.541	25.463	-1.572943	-90.123	XX	default
2026-01-31 10:23:31	47.541	25.463	-1.572943	-90.123	XX	default
2026-01-31 10:23:32	47.541	25.463	-1.572943	-90.123	XX	default
2026-01-31 10:23:33	47.541	25.463	-1.572943	-90.123	XX	default
2026-01-31 10:23:34	47.541	25.463	-1.572943	-90.123	XX	default
2026-01-31 10:23:35	47.541	25.463	-1.572943	-90.123	XX	default
2026-01-31 10:23:36	47.541	25.463	-1.572943	-90.123	XX	default
2026-01-31 10:23:37	47.541	25.463	-1.572943	-90.123	XX	default
2026-01-31 10:23:38	47.541	25.463	-1.572943	-90.123	XX	default
2026-01-31 10:23:39	47.541	25.463	-1.572943	-90.123	XX	default
2026-01-31 10:23:40	47.541	25.463	-1.572943	-90.123	XX	default
2026-01-31 10:23:41	47.541	25.463	-1.572943	-90.123	XX	default
2026-01-31 10:23:42	47.541	25.463	-1.572943	-90.123	XX	default
2026-01-31 10:23:43	47.541	25.463	-1.572943	-90.123	XX	default
2026-01-31 10:23:44	47.541	25.463	-1.572943	-90.123	XX	default
2026-01-31 10:23:45	47.541	25.463	-1.572943	-90.123	XX	default
2026-01-31 10:23:46	47.541	25.463	-1.572943	-90.123	XX	default
2026-01-31 10:23:47	47.541	25.463	-1.572943	-90.123	XX	default
2026-01-31 10:23:48	47.541	25.463	-1.572943	-90.123	XX	default
2026-01-31 10:23:49	47.541	25.463	-1.572943	-90.123	XX	default
2026-01-31 10:23:50	47.541	25.463	-1.572943	-90.123	XX	default
2026-01-31 10:23:51	47.541	25.463	-1.572943	-90.123	XX	default
2026-01-31 10:23:52	47.541	25.463	-1.572943	-90.123	XX	default
2026-01-31 10:23:53	47.541	25.463	-1.572943	-90.123	XX	default
2026-01-31 10:23:54	47.541	25.463	-1.572943	-90.123	XX	default
2026-01-31 10:23:55	47.541	25.463	-1.572943	-90.123	XX	default
2026-01-31 10:23:56	47.541	25.463	-1.572943	-90.123	XX	default
2026-01-31 10:23:57	47.541	25.463	-1.572943	-90.123	XX	default
2026-01-31 10:23:58	47.541	25.463	-1.572943	-90.123	XX	default
2026-01-31 10:23:59	47.541	25.463	-1.572943	-90.123	XX	default
2026-01-31 10:24:00	47.541	25.463	-1.572943	-90.123	XX	default
2026-01-31 10:24:01	47.541	25.463	-1.572943	-90.123	XX	default
2026-01-31 10:24:02	47.541	25.463	-1.572943	-90.123	XX	default
2026-01-31 10:24:03	47.541	25.463	-1.572943	-90.123	XX	default
2026-01-31 10:24:04	47.541	25.463	-1.572943	-90.123	XX	default
2026-01-31 10:24:05	47.541	25.463	-1.572943	-90.123	XX	default
2026-01-31 10:24:06	47.541	25.463	-1.572943	-90.123	XX	default
2026-01-31 10:24:07	47.541	25.463	-1.572943	-90.123	XX	default
2026-01-31 10:24:08	47.541	25.463	-1.572943	-90.123	XX	default
2026-01-31 10:24:09	47.541	25.463	-1.572943	-90.123	XX	default
2026-01-31 10:24:10	47.541	25.463	-1.572943	-90.123	XX	default
2026-01-31 10:24:11	47.541	25.463	-1.572943	-90.123	XX	default
2026-01-31 10:24:12	47.541	25.463	-1.572943	-90.123	XX	default
2026-01-31 10:24:13	47.541	25.463	-1.572943	-90.123	XX	default
2026-01-31 10:24:14	47.541	25.463	-1.572943	-90.123	XX	default
2026-01-31 10:24:15	47.541	25.463	-1.572943	-90.123	XX	default
2026-01-31 10:24:16	47.541	25.463	-1.572943	-90.123	XX	default
2026-01-31 10:24:17	47.541	25.463	-1.572943	-90.123	XX	default
2026-01-31 10:24:18	47.541	25.463	-1.572943	-90.123	XX	default
2026-01-31 10:24:19	47.541	25.463	-1.572943	-90.123	XX	default
2026-01-31 10:24:20	47.541	25.463	-1.572943	-90.123	XX	default
2026-01-31 10:24:21	47.541	25.463	-1.572943	-90.123	XX	default
2026-01-31 10:24:22	47.541	25.463	-1.572943	-90.123	XX	default
2026-01-31 10:24:23	47.541	25.463	-1.572943	-90.123	XX	default
2026-01-31 10:24:24	47.541	25.463	-1.572943	-90.123	XX	default
2026-01-31 10:24:25	47.541	25.463	-1.572943	-90.123	XX	default
2026-01-31 10:24:26	47.541	25.463	-1.572943	-90.123	XX	default
2026-01-31 10:24:27	47.541	25.463	-1.572943	-90.123	XX	default
2026-01-31 10:24:28	47.541	25.463	-1.572943	-90.123	XX	default
2026-01-31 10:24:29	47.541	25.463	-1.572943	-90.123	XX	default
2026-01-31 10:24:30	47.541	25.463	-1.572943	-90.123	XX	default
2026-01-31 10:24:31	47.541	25.463	-1.572943	-90.123	XX	default
2026-01-31 10:24:32	47.541	25.463	-1.572943	-90.123	XX	default
2026-01-31 10:24:33	47.541	25.463	-1.572943	-90.123	XX	default
2026-01-31 10:24:34	47.541	25.503	-1.572995	-90.126	XX	default
2026-01-31 10:24:35	47.541	25.503	-1.572995	-90.126	XX	default
2026-01-31 10:24:36	47.541	25.503	-1.572995	-90.126	XX	default
2026-01-31 10:24:37	47.552	25.530	-1.707525	-97.834	XX	default
2026-01-31 10:24:38	47.552	25.530	-1.707525	-97.834	XX	default
2026-01-31 10:24:39	47.552	25.530	-1.707525	-97.834	XX	default
2026-01-31 10:24:40	47.592	25.483	-2.508981	-143.754	XX	default
2026-01-31 10:24:41	47.592	25.483	-2.508981	-143.754	XX	default
2026-01-31 10:24:42	47.592	25.483	-2.508981	-143.754	XX	default
2026-01-31 10:24:43	47.592	25.483	-2.508981	-143.754	XX	default
2026-01-31 10:24:44	47.606	25.423	3.139044	179.854	XX	default
2026-01-31 10:24:45	47.606	25.423	3.139044	179.854	XX	default
2026-01-31 10:24:46	47.606	25.423	3.139044	179.854	XX	default
2026-01-31 10:24:47	47.606	25.423	3.138992	179.851	XX	default
2026-01-31 10:24:48	47.606	25.423	3.139010	179.852	XX	default
2026-01-31 10:24:49	47.606	25.423	3.138992	179.851	XX	default
2026-01-31 10:24:50	47.606	25.423	3.138992	179.851	XX	default
2026-01-31 10:24:51	47.606	25.423	3.138992	179.851	XX	default
2026-01-31 10:24:52	47.606	25.423	3.138992	179.851	XX	default
2026-01-31 10:24:53	47.606	25.423	3.138992	179.851	XX	default
2026-01-31 10:24:54	47.606	25.423	3.138992	179.851	XX	default
2026-01-31 10:24:55	47.606	25.423	3.138992	179.851	XX	default
2026-01-31 10:24:56	47.606	25.423	3.138992	179.851	XX	default
2026-01-31 10:24:57	47.606	25.423	3.138992	179.851	XX	default
2026-01-31 10:24:58	47.606	25.423	3.138992	179.851	XX	default
2026-01-31 10:24:59	47.606	25.423	3.138992	179.851	XX	default
2026-01-31 10:25:00	47.606	25.423	3.138992	179.851	XX	default
2026-01-31 10:25:01	47.606	25.423	3.138992	179.851	XX	default
2026-01-31 10:25:02	47.606	25.423	3.139044	179.854	XX	default
2026-01-31 10:25:03	47.606	25.423	3.139044	179.854	XX	default
2026-01-31 10:25:04	47.623	25.423	3.138678	179.833	XX	default
2026-01-31 10:25:05	47.659	25.423	3.138556	179.826	XX	default
2026-01-31 10:25:06	47.659	25.423	3.138556	179.826	XX	default
2026-01-31 10:25:07	47.659	25.423	3.138556	179.826	XX	default
2026-01-31 10:25:08	47.672	25.436	-2.930670	-167.915	XX	default
2026-01-31 10:25:09	47.672	25.436	-2.930670	-167.915	XX	default
2026-01-31 10:25:10	47.672	25.436	-2.930670	-167.915	XX	default
2026-01-31 10:25:11	47.619	25.466	-2.131239	-122.111	XX	default
2026-01-31 10:25:12	47.619	25.466	-2.131239	-122.111	XX	default
2026-01-31 10:25:13	47.619	25.466	-2.131239	-122.111	XX	default
2026-01-31 10:25:14	47.547	25.463	-1.573118	-90.133	XX	default
2026-01-31 10:25:15	47.547	25.463	-1.573118	-90.133	XX	default
2026-01-31 10:25:16	47.547	25.463	-1.573118	-90.133	XX	default
2026-01-31 10:25:17	47.547	25.463	-1.573083	-90.131	XX	default
2026-01-31 10:25:18	47.547	25.463	-1.573083	-90.131	XX	default
2026-01-31 10:25:19	47.547	25.463	-1.573083	-90.131	XX	default
2026-01-31 10:25:20	47.547	25.463	-1.573083	-90.131	XX	default
2026-01-31 10:25:21	47.547	25.463	-1.573083	-90.131	XX	default
2026-01-31 10:25:22	47.547	25.463	-1.573083	-90.131	XX	default
2026-01-31 10:25:23	47.547	25.463	-1.573083	-90.131	XX	default
2026-01-31 10:25:24	47.547	25.463	-1.573083	-90.131	XX	default
